{"cameraMode":{"drawMode":0,"name":"Shaded","section":"Shading Mode"},"sceneLighting":true,"audioPlay":false,"sceneViewState":{"m_AlwaysRefresh":false,"showFog":true,"showSkybox":true,"showFlares":true,"showImageEffects":true,"showParticleSystems":true,"showVisualEffectGraphs":true,"m_FxEnabled":true},"in2DMode":false,"pivot":{"x":1.3582382202148438,"y":2.8099451065063478,"z":6.737323760986328},"rotation":{"x":-0.027332939207553865,"y":0.9642797112464905,"z":-0.23936088383197785,"w":-0.11011265963315964},"size":8.679292678833008,"orthographic":false}